,filename,label
0,Image_1.jpg,six of spades
1,Image_2.jpg,ace of spades
2,Image_3.jpg,eight of diamonds
3,Image_4.jpg,four of hearts
4,Image_5.jpg,three of clubs
5,Image_6.jpg,four of diamonds
6,Image_7.jpg,jack of clubs
7,Image_8.jpg,jack of diamonds
8,Image_9.jpg,jack of diamonds
9,Image_10.jpg,queen of clubs
10,Image_11.jpg,jack of diamonds
11,Image_12.jpg,six of diamonds
12,Image_13.jpg,jack of spades
13,Image_14.jpg,king of hearts
14,Image_15.jpg,queen of spades
15,Image_16.jpg,three of hearts
16,Image_17.jpg,four of clubs
17,Image_18.jpg,five of hearts
18,Image_19.jpg,nine of spades
19,Image_20.jpg,queen of spades
20,Image_21.jpg,king of clubs
21,Image_22.jpg,eight of hearts
22,Image_23.jpg,eight of clubs
23,Image_24.jpg,jack of hearts
24,Image_25.jpg,king of diamonds
25,Image_26.jpg,three of hearts
26,Image_27.jpg,jack of hearts
27,Image_28.jpg,two of hearts
28,Image_29.jpg,nine of hearts
29,Image_30.jpg,king of hearts
30,Image_31.jpg,ace of hearts
31,Image_32.jpg,queen of diamonds
32,Image_33.jpg,ten of diamonds
33,Image_34.jpg,jack of clubs
34,Image_35.jpg,three of hearts
35,Image_36.jpg,jack of diamonds
36,Image_37.jpg,nine of clubs
37,Image_38.jpg,jack of spades
38,Image_39.jpg,joker
39,Image_40.jpg,two of hearts
40,Image_41.jpg,three of diamonds
41,Image_42.jpg,four of clubs
42,Image_43.jpg,ace of diamonds
43,Image_44.jpg,four of diamonds
44,Image_45.jpg,queen of spades
45,Image_46.jpg,ace of diamonds
46,Image_47.jpg,four of diamonds
47,Image_48.jpg,two of hearts
48,Image_49.jpg,two of spades
49,Image_50.jpg,queen of spades
50,Image_51.jpg,three of diamonds
51,Image_52.jpg,four of diamonds
52,Image_53.jpg,queen of clubs
53,Image_54.jpg,six of spades
54,Image_55.jpg,two of hearts
55,Image_56.jpg,two of hearts
56,Image_57.jpg,king of clubs
57,Image_58.jpg,jack of hearts
58,Image_59.jpg,seven of diamonds
59,Image_60.jpg,queen of clubs
60,Image_61.jpg,four of spades
61,Image_62.jpg,seven of spades
62,Image_63.jpg,queen of clubs
63,Image_64.jpg,four of clubs
64,Image_65.jpg,two of diamonds
65,Image_66.jpg,queen of spades
66,Image_67.jpg,jack of clubs
67,Image_68.jpg,two of spades
68,Image_69.jpg,seven of spades
69,Image_70.jpg,two of diamonds
70,Image_71.jpg,eight of spades
71,Image_72.jpg,six of hearts
72,Image_73.jpg,ace of spades
73,Image_74.jpg,ten of hearts
74,Image_75.jpg,eight of spades
75,Image_76.jpg,nine of diamonds
76,Image_77.jpg,six of hearts
77,Image_78.jpg,jack of spades
78,Image_79.jpg,ace of hearts
79,Image_80.jpg,two of clubs
80,Image_81.jpg,queen of hearts
81,Image_82.jpg,eight of hearts
82,Image_83.jpg,two of spades
83,Image_84.jpg,ten of hearts
84,Image_85.jpg,six of hearts
85,Image_86.jpg,eight of hearts
86,Image_87.jpg,two of hearts
87,Image_88.jpg,three of diamonds
88,Image_89.jpg,seven of spades
89,Image_90.jpg,nine of diamonds
90,Image_91.jpg,six of diamonds
91,Image_92.jpg,seven of diamonds
92,Image_93.jpg,joker
93,Image_94.jpg,six of hearts
94,Image_95.jpg,jack of diamonds
95,Image_96.jpg,jack of spades
96,Image_97.jpg,ace of diamonds
97,Image_98.jpg,four of clubs
98,Image_99.jpg,eight of clubs
99,Image_100.jpg,queen of spades
100,Image_101.jpg,seven of spades
101,Image_102.jpg,four of diamonds
102,Image_103.jpg,four of diamonds
103,Image_104.jpg,nine of spades
104,Image_105.jpg,seven of diamonds
105,Image_106.jpg,jack of clubs
106,Image_107.jpg,two of diamonds
107,Image_108.jpg,four of clubs
108,Image_109.jpg,jack of clubs
109,Image_110.jpg,king of clubs
110,Image_111.jpg,six of spades
111,Image_112.jpg,six of hearts
112,Image_113.jpg,jack of hearts
113,Image_114.jpg,ten of spades
114,Image_115.jpg,ace of clubs
115,Image_116.jpg,ten of spades
116,Image_117.jpg,four of clubs
117,Image_118.jpg,two of clubs
118,Image_119.jpg,three of diamonds
119,Image_120.jpg,ace of hearts
120,Image_121.jpg,king of diamonds
121,Image_122.jpg,seven of hearts
122,Image_123.jpg,six of spades
123,Image_124.jpg,jack of hearts
124,Image_125.jpg,six of diamonds
125,Image_126.jpg,nine of clubs
126,Image_127.jpg,ten of diamonds
127,Image_128.jpg,queen of diamonds
128,Image_129.jpg,six of diamonds
129,Image_130.jpg,jack of clubs
130,Image_131.jpg,six of clubs
131,Image_132.jpg,four of spades
132,Image_133.jpg,queen of spades
133,Image_134.jpg,eight of hearts
134,Image_135.jpg,queen of clubs
135,Image_136.jpg,jack of clubs
136,Image_137.jpg,joker
137,Image_138.jpg,three of hearts
138,Image_139.jpg,eight of spades
139,Image_140.jpg,queen of diamonds
140,Image_141.jpg,nine of hearts
141,Image_142.jpg,five of diamonds
142,Image_143.jpg,three of clubs
143,Image_144.jpg,two of diamonds
144,Image_145.jpg,queen of hearts
145,Image_146.jpg,three of hearts
146,Image_147.jpg,eight of clubs
147,Image_148.jpg,six of hearts
148,Image_149.jpg,ten of clubs
149,Image_150.jpg,two of diamonds
150,Image_151.jpg,seven of hearts
151,Image_152.jpg,joker
152,Image_153.jpg,nine of clubs
153,Image_154.jpg,four of diamonds
154,Image_155.jpg,ten of diamonds
155,Image_156.jpg,king of clubs
156,Image_157.jpg,jack of spades
157,Image_158.jpg,nine of clubs
158,Image_159.jpg,ten of hearts
159,Image_160.jpg,six of clubs
160,Image_161.jpg,ace of spades
161,Image_162.jpg,jack of spades
162,Image_163.jpg,six of spades
163,Image_164.jpg,six of clubs
164,Image_165.jpg,six of diamonds
165,Image_166.jpg,two of diamonds
166,Image_167.jpg,king of spades
167,Image_168.jpg,six of clubs
168,Image_169.jpg,jack of spades
169,Image_170.jpg,seven of hearts
170,Image_171.jpg,ten of clubs
171,Image_172.jpg,eight of clubs
172,Image_173.jpg,four of diamonds
173,Image_174.jpg,two of spades
174,Image_175.jpg,nine of spades
175,Image_176.jpg,six of spades
176,Image_177.jpg,queen of spades
177,Image_178.jpg,three of spades
178,Image_179.jpg,six of hearts
179,Image_180.jpg,four of spades
180,Image_181.jpg,four of spades
181,Image_182.jpg,jack of spades
182,Image_183.jpg,queen of spades
183,Image_184.jpg,queen of diamonds
184,Image_185.jpg,five of spades
185,Image_186.jpg,queen of clubs
186,Image_187.jpg,nine of spades
187,Image_188.jpg,two of hearts
188,Image_189.jpg,three of clubs
189,Image_190.jpg,jack of hearts
190,Image_191.jpg,seven of clubs
191,Image_192.jpg,four of hearts
192,Image_193.jpg,queen of spades
193,Image_194.jpg,four of hearts
194,Image_195.jpg,six of hearts
195,Image_196.jpg,two of spades
196,Image_197.jpg,king of diamonds
197,Image_198.jpg,five of diamonds
198,Image_199.jpg,queen of diamonds
199,Image_200.jpg,jack of clubs
200,Image_201.jpg,queen of hearts
201,Image_202.jpg,four of hearts
202,Image_203.jpg,six of clubs
203,Image_204.jpg,six of clubs
204,Image_205.jpg,seven of diamonds
205,Image_206.jpg,seven of hearts
206,Image_207.jpg,two of spades
207,Image_208.jpg,eight of diamonds
208,Image_209.jpg,eight of hearts
209,Image_210.jpg,seven of clubs
210,Image_211.jpg,five of hearts
211,Image_212.jpg,nine of diamonds
212,Image_213.jpg,ace of hearts
213,Image_214.jpg,two of clubs
214,Image_215.jpg,three of clubs
215,Image_216.jpg,ace of hearts
216,Image_217.jpg,jack of spades
217,Image_218.jpg,four of diamonds
218,Image_219.jpg,five of hearts
219,Image_220.jpg,nine of diamonds
220,Image_221.jpg,six of clubs
221,Image_222.jpg,ten of diamonds
222,Image_223.jpg,six of hearts
223,Image_224.jpg,nine of hearts
224,Image_225.jpg,three of diamonds
225,Image_226.jpg,six of hearts
226,Image_227.jpg,ten of clubs
227,Image_228.jpg,jack of spades
228,Image_229.jpg,six of diamonds
229,Image_230.jpg,ace of clubs
230,Image_231.jpg,queen of clubs
231,Image_232.jpg,ten of diamonds
232,Image_233.jpg,jack of clubs
233,Image_234.jpg,jack of diamonds
234,Image_235.jpg,ten of hearts
235,Image_236.jpg,ace of diamonds
236,Image_237.jpg,seven of spades
237,Image_238.jpg,ace of spades
238,Image_239.jpg,three of diamonds
239,Image_240.jpg,jack of hearts
240,Image_241.jpg,nine of spades
241,Image_242.jpg,four of hearts
242,Image_243.jpg,ace of hearts
243,Image_244.jpg,jack of diamonds
244,Image_245.jpg,jack of clubs
245,Image_246.jpg,six of clubs
246,Image_247.jpg,nine of spades
247,Image_248.jpg,eight of spades
248,Image_249.jpg,two of hearts
249,Image_250.jpg,eight of spades
250,Image_251.jpg,four of spades
251,Image_252.jpg,two of spades
252,Image_253.jpg,jack of clubs
253,Image_254.jpg,ace of diamonds
254,Image_255.jpg,jack of diamonds
255,Image_256.jpg,eight of hearts
256,Image_257.jpg,jack of spades
257,Image_258.jpg,queen of clubs
258,Image_259.jpg,jack of hearts
259,Image_260.jpg,seven of clubs
260,Image_261.jpg,nine of clubs
261,Image_262.jpg,three of spades
262,Image_263.jpg,jack of clubs
263,Image_264.jpg,six of spades
264,Image_265.jpg,eight of spades
265,Image_266.jpg,jack of diamonds
266,Image_267.jpg,six of spades
267,Image_268.jpg,eight of clubs
268,Image_269.jpg,queen of diamonds
269,Image_270.jpg,three of clubs
270,Image_271.jpg,seven of diamonds
271,Image_272.jpg,seven of clubs
272,Image_273.jpg,ace of spades
273,Image_274.jpg,two of clubs
274,Image_275.jpg,six of hearts
275,Image_276.jpg,eight of hearts
276,Image_277.jpg,three of clubs
277,Image_278.jpg,four of hearts
278,Image_279.jpg,queen of clubs
279,Image_280.jpg,ace of hearts
280,Image_281.jpg,king of clubs
281,Image_282.jpg,ace of hearts
282,Image_283.jpg,queen of spades
283,Image_284.jpg,ace of diamonds
284,Image_285.jpg,two of spades
285,Image_286.jpg,seven of spades
286,Image_287.jpg,eight of clubs
287,Image_288.jpg,five of diamonds
288,Image_289.jpg,king of clubs
289,Image_290.jpg,ten of hearts
290,Image_291.jpg,king of hearts
291,Image_292.jpg,four of diamonds
292,Image_293.jpg,eight of spades
293,Image_294.jpg,jack of diamonds
294,Image_295.jpg,jack of hearts
295,Image_296.jpg,nine of diamonds
296,Image_297.jpg,six of hearts
297,Image_298.jpg,king of diamonds
298,Image_299.jpg,seven of hearts
299,Image_300.jpg,seven of spades
300,Image_301.jpg,two of spades
301,Image_302.jpg,jack of hearts
302,Image_303.jpg,five of hearts
303,Image_304.jpg,four of hearts
304,Image_305.jpg,six of clubs
305,Image_306.jpg,nine of hearts
306,Image_307.jpg,jack of hearts
307,Image_308.jpg,two of spades
308,Image_309.jpg,jack of spades
309,Image_310.jpg,queen of hearts
310,Image_311.jpg,two of hearts
311,Image_312.jpg,eight of hearts
312,Image_313.jpg,two of hearts
313,Image_314.jpg,two of hearts
314,Image_315.jpg,two of spades
315,Image_316.jpg,jack of clubs
316,Image_317.jpg,six of spades
317,Image_318.jpg,three of spades
318,Image_319.jpg,two of hearts
319,Image_320.jpg,two of hearts
320,Image_321.jpg,three of clubs
321,Image_322.jpg,queen of spades
322,Image_323.jpg,ace of spades
323,Image_324.jpg,queen of hearts
324,Image_325.jpg,jack of clubs
325,Image_326.jpg,eight of diamonds
326,Image_327.jpg,five of spades
327,Image_328.jpg,three of spades
328,Image_329.jpg,three of diamonds
329,Image_330.jpg,joker
330,Image_331.jpg,king of diamonds
331,Image_332.jpg,queen of hearts
332,Image_333.jpg,ten of diamonds
333,Image_334.jpg,queen of diamonds
334,Image_335.jpg,ace of spades
335,Image_336.jpg,five of hearts
336,Image_337.jpg,four of clubs
337,Image_338.jpg,three of spades
338,Image_339.jpg,four of clubs
339,Image_340.jpg,nine of hearts
340,Image_341.jpg,seven of hearts
341,Image_342.jpg,ten of clubs
342,Image_343.jpg,seven of spades
343,Image_344.jpg,ace of hearts
344,Image_345.jpg,jack of diamonds
345,Image_346.jpg,four of diamonds
346,Image_347.jpg,seven of clubs
347,Image_348.jpg,jack of hearts
348,Image_349.jpg,jack of clubs
349,Image_350.jpg,queen of diamonds
350,Image_351.jpg,seven of diamonds
351,Image_352.jpg,nine of clubs
352,Image_353.jpg,two of spades
353,Image_354.jpg,ten of hearts
354,Image_355.jpg,five of clubs
355,Image_356.jpg,queen of spades
356,Image_357.jpg,two of hearts
357,Image_358.jpg,queen of diamonds
358,Image_359.jpg,six of hearts
359,Image_360.jpg,king of spades
360,Image_361.jpg,jack of spades
361,Image_362.jpg,six of diamonds
362,Image_363.jpg,ten of hearts
363,Image_364.jpg,six of hearts
364,Image_365.jpg,ten of hearts
365,Image_366.jpg,jack of diamonds
366,Image_367.jpg,two of spades
367,Image_368.jpg,four of hearts
368,Image_369.jpg,ten of clubs
369,Image_370.jpg,seven of diamonds
370,Image_371.jpg,two of clubs
371,Image_372.jpg,nine of clubs
372,Image_373.jpg,seven of diamonds
373,Image_374.jpg,ten of spades
374,Image_375.jpg,three of hearts
375,Image_376.jpg,four of clubs
376,Image_377.jpg,queen of clubs
377,Image_378.jpg,king of spades
378,Image_379.jpg,jack of diamonds
379,Image_380.jpg,queen of hearts
380,Image_381.jpg,king of diamonds
381,Image_382.jpg,nine of spades
382,Image_383.jpg,queen of spades
383,Image_384.jpg,eight of clubs
384,Image_385.jpg,nine of hearts
385,Image_386.jpg,queen of spades
386,Image_387.jpg,jack of clubs
387,Image_388.jpg,jack of hearts
388,Image_389.jpg,three of hearts
389,Image_390.jpg,eight of clubs
390,Image_391.jpg,ace of diamonds
391,Image_392.jpg,five of hearts
392,Image_393.jpg,seven of hearts
393,Image_394.jpg,ten of spades
394,Image_395.jpg,six of spades
395,Image_396.jpg,eight of clubs
396,Image_397.jpg,six of clubs
397,Image_398.jpg,nine of hearts
398,Image_399.jpg,two of hearts
399,Image_400.jpg,king of diamonds
400,Image_401.jpg,jack of clubs
401,Image_402.jpg,jack of hearts
402,Image_403.jpg,four of spades
403,Image_404.jpg,jack of hearts
404,Image_405.jpg,six of diamonds
405,Image_406.jpg,four of diamonds
406,Image_407.jpg,jack of clubs
407,Image_408.jpg,seven of spades
408,Image_409.jpg,six of diamonds
409,Image_410.jpg,two of spades
410,Image_411.jpg,ace of clubs
411,Image_412.jpg,seven of clubs
412,Image_413.jpg,jack of hearts
413,Image_414.jpg,nine of hearts
414,Image_415.jpg,seven of hearts
415,Image_416.jpg,six of hearts
416,Image_417.jpg,eight of hearts
417,Image_418.jpg,ten of spades
418,Image_419.jpg,nine of spades
419,Image_420.jpg,jack of hearts
420,Image_421.jpg,six of hearts
421,Image_422.jpg,joker
422,Image_423.jpg,two of clubs
423,Image_424.jpg,ace of hearts
424,Image_425.jpg,queen of clubs
425,Image_426.jpg,seven of hearts
426,Image_427.jpg,two of hearts
427,Image_428.jpg,three of spades
428,Image_429.jpg,six of hearts
429,Image_430.jpg,queen of clubs
430,Image_431.jpg,ten of diamonds
431,Image_432.jpg,five of diamonds
432,Image_433.jpg,four of diamonds
433,Image_434.jpg,eight of hearts
434,Image_435.jpg,three of clubs
435,Image_436.jpg,five of spades
436,Image_437.jpg,two of spades
437,Image_438.jpg,ten of spades
438,Image_439.jpg,seven of spades
439,Image_440.jpg,king of diamonds
440,Image_441.jpg,jack of clubs
441,Image_442.jpg,ace of spades
442,Image_443.jpg,jack of clubs
443,Image_444.jpg,six of hearts
444,Image_445.jpg,seven of clubs
445,Image_446.jpg,five of spades
446,Image_447.jpg,nine of spades
447,Image_448.jpg,four of clubs
448,Image_449.jpg,two of diamonds
449,Image_450.jpg,eight of spades
450,Image_451.jpg,jack of diamonds
451,Image_452.jpg,eight of spades
452,Image_453.jpg,jack of hearts
453,Image_454.jpg,queen of hearts
454,Image_455.jpg,seven of clubs
455,Image_456.jpg,seven of diamonds
456,Image_457.jpg,ten of diamonds
457,Image_458.jpg,three of diamonds
458,Image_459.jpg,ace of diamonds
459,Image_460.jpg,two of hearts
460,Image_461.jpg,six of diamonds
461,Image_462.jpg,four of spades
462,Image_463.jpg,ten of diamonds
463,Image_464.jpg,four of diamonds
464,Image_465.jpg,nine of clubs
465,Image_466.jpg,seven of spades
466,Image_467.jpg,jack of spades
467,Image_468.jpg,eight of clubs
468,Image_469.jpg,eight of clubs
469,Image_470.jpg,six of hearts
470,Image_471.jpg,ten of hearts
471,Image_472.jpg,six of hearts
472,Image_473.jpg,six of hearts
473,Image_474.jpg,jack of diamonds
474,Image_475.jpg,nine of clubs
475,Image_476.jpg,jack of clubs
476,Image_477.jpg,jack of diamonds
477,Image_478.jpg,six of hearts
478,Image_479.jpg,seven of diamonds
479,Image_480.jpg,eight of diamonds
480,Image_481.jpg,ace of diamonds
481,Image_482.jpg,nine of spades
482,Image_483.jpg,eight of hearts
483,Image_484.jpg,queen of hearts
484,Image_485.jpg,three of spades
485,Image_486.jpg,six of diamonds
486,Image_487.jpg,three of clubs
487,Image_488.jpg,five of hearts
488,Image_489.jpg,ace of spades
489,Image_490.jpg,jack of clubs
490,Image_491.jpg,queen of spades
491,Image_492.jpg,queen of hearts
492,Image_493.jpg,seven of hearts
493,Image_494.jpg,king of hearts
494,Image_495.jpg,jack of hearts
495,Image_496.jpg,ace of spades
496,Image_497.jpg,jack of hearts
497,Image_498.jpg,jack of clubs
498,Image_499.jpg,five of spades
499,Image_500.jpg,ten of hearts
500,Image_501.jpg,queen of spades
501,Image_502.jpg,three of hearts
502,Image_503.jpg,queen of hearts
503,Image_504.jpg,ace of hearts
504,Image_505.jpg,four of spades
505,Image_506.jpg,five of diamonds
506,Image_507.jpg,king of spades
507,Image_508.jpg,queen of clubs
508,Image_509.jpg,ace of clubs
509,Image_510.jpg,three of clubs
510,Image_511.jpg,two of hearts
511,Image_512.jpg,jack of spades
512,Image_513.jpg,joker
513,Image_514.jpg,queen of clubs
514,Image_515.jpg,king of clubs
515,Image_516.jpg,queen of hearts
516,Image_517.jpg,four of clubs
517,Image_518.jpg,king of diamonds
518,Image_519.jpg,two of spades
519,Image_520.jpg,two of hearts
520,Image_521.jpg,jack of diamonds
521,Image_522.jpg,eight of clubs
522,Image_523.jpg,two of diamonds
523,Image_524.jpg,two of spades
524,Image_525.jpg,two of diamonds
525,Image_526.jpg,ten of spades
526,Image_527.jpg,jack of diamonds
527,Image_528.jpg,jack of spades
528,Image_529.jpg,queen of hearts
529,Image_530.jpg,four of spades
530,Image_531.jpg,ace of spades
531,Image_532.jpg,jack of spades
532,Image_533.jpg,eight of hearts
533,Image_534.jpg,queen of spades
534,Image_535.jpg,five of spades
535,Image_536.jpg,ten of spades
536,Image_537.jpg,seven of hearts
537,Image_538.jpg,jack of diamonds
538,Image_539.jpg,six of spades
539,Image_540.jpg,nine of diamonds
540,Image_541.jpg,six of spades
541,Image_542.jpg,jack of hearts
542,Image_543.jpg,six of clubs
543,Image_544.jpg,seven of hearts
544,Image_545.jpg,six of spades
545,Image_546.jpg,ten of clubs
546,Image_547.jpg,seven of hearts
547,Image_548.jpg,ace of spades
548,Image_549.jpg,ten of clubs
549,Image_550.jpg,jack of hearts
550,Image_551.jpg,ace of clubs
551,Image_552.jpg,eight of spades
552,Image_553.jpg,ace of hearts
553,Image_554.jpg,five of spades
554,Image_555.jpg,eight of hearts
555,Image_556.jpg,ten of diamonds
556,Image_557.jpg,seven of hearts
557,Image_558.jpg,ten of spades
558,Image_559.jpg,seven of spades
559,Image_560.jpg,eight of hearts
560,Image_561.jpg,three of spades
561,Image_562.jpg,eight of diamonds
562,Image_563.jpg,three of diamonds
563,Image_564.jpg,jack of hearts
564,Image_565.jpg,six of clubs
565,Image_566.jpg,four of hearts
566,Image_567.jpg,nine of diamonds
567,Image_568.jpg,nine of spades
568,Image_569.jpg,queen of diamonds
569,Image_570.jpg,four of diamonds
570,Image_571.jpg,two of hearts
571,Image_572.jpg,queen of clubs
572,Image_573.jpg,queen of clubs
573,Image_574.jpg,nine of diamonds
574,Image_575.jpg,nine of hearts
575,Image_576.jpg,two of hearts
576,Image_577.jpg,nine of spades
577,Image_578.jpg,ten of spades
578,Image_579.jpg,jack of spades
579,Image_580.jpg,six of diamonds
580,Image_581.jpg,ten of diamonds
581,Image_582.jpg,five of spades
582,Image_583.jpg,ace of hearts
583,Image_584.jpg,jack of clubs
584,Image_585.jpg,jack of hearts
585,Image_586.jpg,jack of hearts
586,Image_587.jpg,nine of spades
587,Image_588.jpg,ten of diamonds
588,Image_589.jpg,jack of diamonds
589,Image_590.jpg,two of clubs
590,Image_591.jpg,four of spades
591,Image_592.jpg,five of clubs
592,Image_593.jpg,two of diamonds
593,Image_594.jpg,ace of hearts
594,Image_595.jpg,nine of spades
595,Image_596.jpg,king of clubs
596,Image_597.jpg,queen of clubs
597,Image_598.jpg,three of diamonds
598,Image_599.jpg,four of spades
599,Image_600.jpg,joker
600,Image_601.jpg,five of hearts
601,Image_602.jpg,ten of hearts
602,Image_603.jpg,ten of hearts
603,Image_604.jpg,ten of hearts
604,Image_605.jpg,jack of diamonds
605,Image_606.jpg,jack of hearts
606,Image_607.jpg,three of clubs
607,Image_608.jpg,ace of diamonds
608,Image_609.jpg,three of spades
609,Image_610.jpg,jack of hearts
610,Image_611.jpg,king of hearts
611,Image_612.jpg,six of hearts
612,Image_613.jpg,six of diamonds
613,Image_614.jpg,jack of spades
614,Image_615.jpg,four of spades
615,Image_616.jpg,three of hearts
616,Image_617.jpg,eight of clubs
617,Image_618.jpg,five of diamonds
618,Image_619.jpg,four of hearts
619,Image_620.jpg,seven of diamonds
620,Image_621.jpg,jack of clubs
621,Image_622.jpg,queen of hearts
622,Image_623.jpg,four of clubs
623,Image_624.jpg,five of hearts
624,Image_625.jpg,jack of spades
625,Image_626.jpg,queen of hearts
626,Image_627.jpg,eight of spades
627,Image_628.jpg,jack of hearts
628,Image_629.jpg,king of diamonds
629,Image_630.jpg,seven of spades
630,Image_631.jpg,queen of clubs
631,Image_632.jpg,ace of spades
632,Image_633.jpg,three of hearts
633,Image_634.jpg,six of spades
634,Image_635.jpg,two of spades
635,Image_636.jpg,jack of hearts
636,Image_637.jpg,three of spades
637,Image_638.jpg,six of hearts
638,Image_639.jpg,ace of hearts
639,Image_640.jpg,four of diamonds
640,Image_641.jpg,eight of hearts
641,Image_642.jpg,king of clubs
642,Image_643.jpg,two of spades
643,Image_644.jpg,queen of clubs
644,Image_645.jpg,ace of hearts
645,Image_646.jpg,three of spades
646,Image_647.jpg,ace of hearts
647,Image_648.jpg,nine of diamonds
648,Image_649.jpg,five of diamonds
649,Image_650.jpg,ten of diamonds
650,Image_651.jpg,four of spades
651,Image_652.jpg,king of clubs
652,Image_653.jpg,jack of clubs
653,Image_654.jpg,jack of clubs
654,Image_655.jpg,ace of clubs
655,Image_656.jpg,ace of spades
656,Image_657.jpg,two of clubs
657,Image_658.jpg,five of spades
658,Image_659.jpg,six of diamonds
659,Image_660.jpg,ten of clubs
660,Image_661.jpg,two of diamonds
661,Image_662.jpg,five of clubs
662,Image_663.jpg,jack of hearts
663,Image_664.jpg,ace of spades
664,Image_665.jpg,six of spades
665,Image_666.jpg,three of diamonds
666,Image_667.jpg,nine of hearts
667,Image_668.jpg,three of clubs
668,Image_669.jpg,seven of diamonds
669,Image_670.jpg,two of hearts
670,Image_671.jpg,six of clubs
671,Image_672.jpg,six of clubs
672,Image_673.jpg,ten of diamonds
673,Image_674.jpg,king of spades
674,Image_675.jpg,ace of spades
675,Image_676.jpg,ten of spades
676,Image_677.jpg,seven of spades
677,Image_678.jpg,jack of spades
678,Image_679.jpg,jack of hearts
679,Image_680.jpg,six of spades
680,Image_681.jpg,six of hearts
681,Image_682.jpg,ace of clubs
682,Image_683.jpg,jack of spades
683,Image_684.jpg,two of hearts
684,Image_685.jpg,nine of spades
685,Image_686.jpg,jack of spades
686,Image_687.jpg,jack of clubs
687,Image_688.jpg,king of clubs
688,Image_689.jpg,six of spades
689,Image_690.jpg,five of hearts
690,Image_691.jpg,six of hearts
691,Image_692.jpg,five of diamonds
692,Image_693.jpg,ten of spades
693,Image_694.jpg,ten of clubs
694,Image_695.jpg,queen of spades
695,Image_696.jpg,queen of clubs
696,Image_697.jpg,nine of diamonds
697,Image_698.jpg,eight of clubs
698,Image_699.jpg,jack of clubs
699,Image_700.jpg,eight of clubs
700,Image_701.jpg,jack of clubs
701,Image_702.jpg,five of clubs
702,Image_703.jpg,queen of spades
703,Image_704.jpg,king of diamonds
704,Image_705.jpg,two of spades
705,Image_706.jpg,eight of diamonds
706,Image_707.jpg,six of spades
707,Image_708.jpg,eight of spades
708,Image_709.jpg,seven of spades
709,Image_710.jpg,seven of diamonds
710,Image_711.jpg,three of spades
711,Image_712.jpg,queen of clubs
712,Image_713.jpg,jack of spades
713,Image_714.jpg,queen of clubs
714,Image_715.jpg,three of clubs
715,Image_716.jpg,ace of hearts
716,Image_717.jpg,seven of hearts
717,Image_718.jpg,four of spades
718,Image_719.jpg,six of clubs
719,Image_720.jpg,eight of spades
720,Image_721.jpg,six of diamonds
721,Image_722.jpg,six of clubs
722,Image_723.jpg,two of diamonds
723,Image_724.jpg,queen of hearts
724,Image_725.jpg,two of diamonds
725,Image_726.jpg,jack of hearts
726,Image_727.jpg,nine of spades
727,Image_728.jpg,queen of spades
728,Image_729.jpg,ace of hearts
729,Image_730.jpg,ace of clubs
730,Image_731.jpg,two of diamonds
731,Image_732.jpg,king of clubs
732,Image_733.jpg,nine of diamonds
733,Image_734.jpg,nine of spades
734,Image_735.jpg,four of hearts
735,Image_736.jpg,two of spades
736,Image_737.jpg,ace of clubs
737,Image_738.jpg,five of hearts
738,Image_739.jpg,six of hearts
739,Image_740.jpg,three of diamonds
740,Image_741.jpg,queen of clubs
741,Image_742.jpg,four of hearts
742,Image_743.jpg,queen of spades
743,Image_744.jpg,seven of spades
744,Image_745.jpg,queen of hearts
745,Image_746.jpg,queen of spades
746,Image_747.jpg,jack of hearts
747,Image_748.jpg,king of diamonds
748,Image_749.jpg,queen of diamonds
749,Image_750.jpg,seven of diamonds
750,Image_751.jpg,nine of diamonds
751,Image_752.jpg,three of spades
752,Image_753.jpg,six of diamonds
753,Image_754.jpg,six of spades
754,Image_755.jpg,ace of spades
755,Image_756.jpg,four of clubs
756,Image_757.jpg,seven of clubs
757,Image_758.jpg,five of hearts
758,Image_759.jpg,ten of diamonds
759,Image_760.jpg,seven of clubs
760,Image_761.jpg,queen of hearts
761,Image_762.jpg,three of hearts
762,Image_763.jpg,seven of spades
763,Image_764.jpg,five of hearts
764,Image_765.jpg,eight of clubs
765,Image_766.jpg,six of diamonds
766,Image_767.jpg,eight of spades
767,Image_768.jpg,jack of diamonds
768,Image_769.jpg,king of spades
769,Image_770.jpg,ten of diamonds
770,Image_771.jpg,jack of hearts
771,Image_772.jpg,nine of spades
772,Image_773.jpg,ten of diamonds
773,Image_774.jpg,two of clubs
774,Image_775.jpg,queen of spades
775,Image_776.jpg,ace of spades
776,Image_777.jpg,five of clubs
777,Image_778.jpg,seven of spades
778,Image_779.jpg,nine of spades
779,Image_780.jpg,jack of diamonds
780,Image_781.jpg,queen of clubs
781,Image_782.jpg,four of diamonds
782,Image_783.jpg,jack of diamonds
783,Image_784.jpg,five of diamonds
784,Image_785.jpg,ace of spades
785,Image_786.jpg,seven of spades
786,Image_787.jpg,queen of diamonds
787,Image_788.jpg,ace of diamonds
788,Image_789.jpg,ten of diamonds
789,Image_790.jpg,joker
790,Image_791.jpg,king of hearts
791,Image_792.jpg,queen of hearts
792,Image_793.jpg,eight of diamonds
793,Image_794.jpg,queen of spades
794,Image_795.jpg,two of diamonds
795,Image_796.jpg,two of hearts
796,Image_797.jpg,ten of diamonds
797,Image_798.jpg,jack of spades
798,Image_799.jpg,jack of diamonds
799,Image_800.jpg,nine of clubs
800,Image_801.jpg,ten of clubs
801,Image_802.jpg,two of hearts
802,Image_803.jpg,jack of spades
803,Image_804.jpg,four of spades
804,Image_805.jpg,queen of spades
805,Image_806.jpg,three of diamonds
806,Image_807.jpg,seven of clubs
807,Image_808.jpg,jack of clubs
808,Image_809.jpg,three of hearts
809,Image_810.jpg,two of clubs
810,Image_811.jpg,three of clubs
811,Image_812.jpg,ace of clubs
812,Image_813.jpg,two of diamonds
813,Image_814.jpg,queen of hearts
814,Image_815.jpg,six of spades
815,Image_816.jpg,three of spades
816,Image_817.jpg,six of spades
817,Image_818.jpg,six of spades
818,Image_819.jpg,jack of hearts
819,Image_820.jpg,ace of diamonds
820,Image_821.jpg,three of diamonds
821,Image_822.jpg,nine of diamonds
822,Image_823.jpg,seven of hearts
823,Image_824.jpg,two of diamonds
824,Image_825.jpg,four of diamonds
825,Image_826.jpg,two of diamonds
826,Image_827.jpg,jack of diamonds
827,Image_828.jpg,king of diamonds
828,Image_829.jpg,ace of diamonds
829,Image_830.jpg,eight of diamonds
830,Image_831.jpg,two of diamonds
831,Image_832.jpg,ten of diamonds
832,Image_833.jpg,three of hearts
833,Image_834.jpg,ten of hearts
834,Image_835.jpg,king of hearts
835,Image_836.jpg,two of diamonds
836,Image_837.jpg,queen of diamonds
837,Image_838.jpg,jack of clubs
838,Image_839.jpg,ten of spades
839,Image_840.jpg,nine of hearts
840,Image_841.jpg,ten of clubs
841,Image_842.jpg,queen of clubs
842,Image_843.jpg,seven of hearts
843,Image_844.jpg,three of hearts
844,Image_845.jpg,eight of clubs
845,Image_846.jpg,ace of hearts
846,Image_847.jpg,two of clubs
847,Image_848.jpg,jack of clubs
848,Image_849.jpg,king of hearts
849,Image_850.jpg,king of diamonds
850,Image_851.jpg,jack of diamonds
851,Image_852.jpg,nine of diamonds
852,Image_853.jpg,seven of diamonds
853,Image_854.jpg,jack of spades
854,Image_855.jpg,ace of spades
855,Image_856.jpg,eight of clubs
856,Image_857.jpg,ten of diamonds
857,Image_858.jpg,two of hearts
858,Image_859.jpg,queen of hearts
859,Image_860.jpg,five of clubs
860,Image_861.jpg,ten of spades
861,Image_862.jpg,eight of clubs
862,Image_863.jpg,two of hearts
863,Image_864.jpg,jack of diamonds
864,Image_865.jpg,six of diamonds
865,Image_866.jpg,six of hearts
866,Image_867.jpg,eight of clubs
867,Image_868.jpg,four of hearts
868,Image_869.jpg,nine of spades
869,Image_870.jpg,eight of spades
870,Image_871.jpg,ace of diamonds
871,Image_872.jpg,nine of clubs
872,Image_873.jpg,jack of spades
873,Image_874.jpg,jack of hearts
874,Image_875.jpg,three of hearts
875,Image_876.jpg,ace of diamonds
876,Image_877.jpg,king of spades
877,Image_878.jpg,jack of spades
878,Image_879.jpg,five of diamonds
879,Image_880.jpg,ten of hearts
880,Image_881.jpg,seven of spades
881,Image_882.jpg,ten of spades
882,Image_883.jpg,ten of diamonds
883,Image_884.jpg,queen of spades
884,Image_885.jpg,jack of hearts
885,Image_886.jpg,ten of spades
886,Image_887.jpg,seven of diamonds
887,Image_888.jpg,ten of diamonds
888,Image_889.jpg,eight of spades
889,Image_890.jpg,six of spades
890,Image_891.jpg,ace of spades
891,Image_892.jpg,seven of spades
892,Image_893.jpg,three of hearts
893,Image_894.jpg,eight of diamonds
894,Image_895.jpg,queen of spades
895,Image_896.jpg,five of diamonds
896,Image_897.jpg,queen of clubs
897,Image_898.jpg,jack of spades
898,Image_899.jpg,nine of hearts
899,Image_900.jpg,ace of hearts
900,Image_901.jpg,king of clubs
901,Image_902.jpg,six of clubs
902,Image_903.jpg,ace of hearts
903,Image_904.jpg,jack of diamonds
904,Image_905.jpg,four of spades
905,Image_906.jpg,ace of clubs
906,Image_907.jpg,two of diamonds
907,Image_908.jpg,four of spades
908,Image_909.jpg,two of spades
909,Image_910.jpg,queen of spades
910,Image_911.jpg,four of hearts
911,Image_912.jpg,jack of diamonds
912,Image_913.jpg,three of clubs
913,Image_914.jpg,ace of diamonds
914,Image_915.jpg,ace of clubs
915,Image_916.jpg,jack of clubs
916,Image_917.jpg,six of clubs
917,Image_918.jpg,ten of clubs
918,Image_919.jpg,ten of spades
919,Image_920.jpg,queen of spades
920,Image_921.jpg,five of diamonds
921,Image_922.jpg,nine of hearts
922,Image_923.jpg,jack of diamonds
923,Image_924.jpg,queen of diamonds
924,Image_925.jpg,five of spades
925,Image_926.jpg,jack of diamonds
926,Image_927.jpg,seven of spades
927,Image_928.jpg,five of diamonds
928,Image_929.jpg,jack of clubs
929,Image_930.jpg,four of diamonds
930,Image_931.jpg,jack of diamonds
931,Image_932.jpg,seven of clubs
932,Image_933.jpg,eight of clubs
933,Image_934.jpg,king of diamonds
934,Image_935.jpg,king of clubs
935,Image_936.jpg,six of spades
936,Image_937.jpg,nine of spades
937,Image_938.jpg,six of hearts
938,Image_939.jpg,six of hearts
939,Image_940.jpg,four of hearts
940,Image_941.jpg,jack of spades
941,Image_942.jpg,two of clubs
942,Image_943.jpg,ten of clubs
943,Image_944.jpg,six of clubs
944,Image_945.jpg,queen of diamonds
945,Image_946.jpg,four of hearts
946,Image_947.jpg,four of spades
947,Image_948.jpg,seven of clubs
948,Image_949.jpg,seven of clubs
949,Image_950.jpg,ace of spades
950,Image_951.jpg,king of spades
951,Image_952.jpg,three of diamonds
952,Image_953.jpg,ten of diamonds
953,Image_954.jpg,nine of hearts
954,Image_955.jpg,jack of hearts
955,Image_956.jpg,queen of hearts
956,Image_957.jpg,six of diamonds
957,Image_958.jpg,jack of spades
958,Image_959.jpg,ace of clubs
959,Image_960.jpg,ten of spades
960,Image_961.jpg,jack of clubs
961,Image_962.jpg,seven of spades
962,Image_963.jpg,jack of clubs
963,Image_964.jpg,jack of spades
964,Image_965.jpg,eight of spades
965,Image_966.jpg,ten of spades
966,Image_967.jpg,two of diamonds
967,Image_968.jpg,two of hearts
968,Image_969.jpg,six of hearts
969,Image_970.jpg,queen of spades
970,Image_971.jpg,queen of hearts
971,Image_972.jpg,ace of clubs
972,Image_973.jpg,two of spades
973,Image_974.jpg,ten of spades
974,Image_975.jpg,king of clubs
975,Image_976.jpg,ten of spades
976,Image_977.jpg,queen of hearts
977,Image_978.jpg,seven of hearts
978,Image_979.jpg,jack of clubs
979,Image_980.jpg,ace of spades
980,Image_981.jpg,two of diamonds
981,Image_982.jpg,seven of clubs
982,Image_983.jpg,jack of clubs
983,Image_984.jpg,seven of hearts
984,Image_985.jpg,queen of clubs
985,Image_986.jpg,ten of diamonds
986,Image_987.jpg,three of diamonds
987,Image_988.jpg,ace of clubs
988,Image_989.jpg,five of clubs
989,Image_990.jpg,two of hearts
990,Image_991.jpg,ten of spades
991,Image_992.jpg,nine of spades
992,Image_993.jpg,five of clubs
993,Image_994.jpg,three of hearts
994,Image_995.jpg,queen of diamonds
995,Image_996.jpg,six of hearts
996,Image_997.jpg,six of clubs
997,Image_998.jpg,jack of hearts
998,Image_999.jpg,eight of diamonds
999,Image_1000.jpg,jack of clubs
1000,Image_1001.jpg,two of clubs
1001,Image_1002.jpg,jack of diamonds
1002,Image_1003.jpg,seven of clubs
1003,Image_1004.jpg,jack of hearts
1004,Image_1005.jpg,queen of hearts
1005,Image_1006.jpg,nine of hearts
1006,Image_1007.jpg,nine of clubs
1007,Image_1008.jpg,ace of spades
1008,Image_1009.jpg,nine of spades
1009,Image_1010.jpg,ten of diamonds
1010,Image_1011.jpg,five of clubs
1011,Image_1012.jpg,jack of clubs
1012,Image_1013.jpg,jack of hearts
1013,Image_1014.jpg,five of hearts
1014,Image_1015.jpg,eight of hearts
1015,Image_1016.jpg,seven of spades
1016,Image_1017.jpg,king of hearts
1017,Image_1018.jpg,two of diamonds
1018,Image_1019.jpg,three of spades
1019,Image_1020.jpg,seven of hearts
1020,Image_1021.jpg,joker
1021,Image_1022.jpg,six of spades
1022,Image_1023.jpg,ace of hearts
1023,Image_1024.jpg,three of spades
1024,Image_1025.jpg,queen of clubs
1025,Image_1026.jpg,ace of diamonds
1026,Image_1027.jpg,ten of diamonds
1027,Image_1028.jpg,two of spades
1028,Image_1029.jpg,four of hearts
1029,Image_1030.jpg,eight of diamonds
1030,Image_1031.jpg,six of diamonds
1031,Image_1032.jpg,queen of diamonds
1032,Image_1033.jpg,eight of diamonds
1033,Image_1034.jpg,ace of spades
1034,Image_1035.jpg,queen of diamonds
1035,Image_1036.jpg,six of spades
1036,Image_1037.jpg,jack of hearts
1037,Image_1038.jpg,jack of hearts
1038,Image_1039.jpg,five of spades
1039,Image_1040.jpg,two of clubs
1040,Image_1041.jpg,six of spades
1041,Image_1042.jpg,nine of spades
1042,Image_1043.jpg,seven of diamonds
1043,Image_1044.jpg,queen of spades
1044,Image_1045.jpg,king of clubs
1045,Image_1046.jpg,ace of diamonds
1046,Image_1047.jpg,ten of clubs
1047,Image_1048.jpg,king of diamonds
1048,Image_1049.jpg,ace of hearts
1049,Image_1050.jpg,two of diamonds
1050,Image_1051.jpg,jack of spades
1051,Image_1052.jpg,ten of hearts
1052,Image_1053.jpg,two of spades
1053,Image_1054.jpg,eight of hearts
1054,Image_1055.jpg,two of diamonds
1055,Image_1056.jpg,jack of clubs
1056,Image_1057.jpg,six of hearts
1057,Image_1058.jpg,two of diamonds
1058,Image_1059.jpg,king of hearts
1059,Image_1060.jpg,ace of hearts
1060,Image_1061.jpg,five of diamonds
1061,Image_1062.jpg,six of spades
1062,Image_1063.jpg,jack of hearts
1063,Image_1064.jpg,four of clubs
1064,Image_1065.jpg,queen of spades
1065,Image_1066.jpg,ace of spades
1066,Image_1067.jpg,joker
1067,Image_1068.jpg,ace of hearts
1068,Image_1069.jpg,two of spades
1069,Image_1070.jpg,ten of diamonds
1070,Image_1071.jpg,eight of spades
1071,Image_1072.jpg,queen of hearts
1072,Image_1073.jpg,queen of clubs
1073,Image_1074.jpg,jack of clubs
1074,Image_1075.jpg,six of spades
1075,Image_1076.jpg,king of clubs
1076,Image_1077.jpg,two of hearts
1077,Image_1078.jpg,ace of spades
1078,Image_1079.jpg,seven of diamonds
1079,Image_1080.jpg,seven of diamonds
1080,Image_1081.jpg,seven of clubs
1081,Image_1082.jpg,queen of hearts
1082,Image_1083.jpg,six of diamonds
1083,Image_1084.jpg,seven of clubs
1084,Image_1085.jpg,six of diamonds
1085,Image_1086.jpg,queen of diamonds
1086,Image_1087.jpg,ten of spades
1087,Image_1088.jpg,five of hearts
1088,Image_1089.jpg,nine of diamonds
1089,Image_1090.jpg,ace of spades
1090,Image_1091.jpg,jack of spades
1091,Image_1092.jpg,jack of hearts
1092,Image_1093.jpg,seven of clubs
1093,Image_1094.jpg,five of clubs
1094,Image_1095.jpg,king of diamonds
1095,Image_1096.jpg,ten of diamonds
1096,Image_1097.jpg,four of diamonds
1097,Image_1098.jpg,two of hearts
1098,Image_1099.jpg,jack of hearts
1099,Image_1100.jpg,jack of diamonds
1100,Image_1101.jpg,three of spades
1101,Image_1102.jpg,three of clubs
1102,Image_1103.jpg,two of hearts
1103,Image_1104.jpg,jack of clubs
1104,Image_1105.jpg,ace of hearts
1105,Image_1106.jpg,nine of hearts
1106,Image_1107.jpg,ten of hearts
1107,Image_1108.jpg,six of clubs
1108,Image_1109.jpg,four of diamonds
1109,Image_1110.jpg,seven of spades
1110,Image_1111.jpg,king of clubs
1111,Image_1112.jpg,ace of hearts
1112,Image_1113.jpg,six of diamonds
1113,Image_1114.jpg,ten of diamonds
1114,Image_1115.jpg,seven of hearts
1115,Image_1116.jpg,six of diamonds
1116,Image_1117.jpg,nine of clubs
1117,Image_1118.jpg,five of diamonds
1118,Image_1119.jpg,ace of diamonds
1119,Image_1120.jpg,six of clubs
1120,Image_1121.jpg,two of clubs
1121,Image_1122.jpg,jack of clubs
1122,Image_1123.jpg,ten of spades
1123,Image_1124.jpg,three of diamonds
1124,Image_1125.jpg,queen of spades
1125,Image_1126.jpg,ten of hearts
1126,Image_1127.jpg,nine of spades
1127,Image_1128.jpg,ace of hearts
1128,Image_1129.jpg,three of clubs
1129,Image_1130.jpg,six of hearts
1130,Image_1131.jpg,six of spades
1131,Image_1132.jpg,three of clubs
1132,Image_1133.jpg,five of spades
1133,Image_1134.jpg,four of hearts
1134,Image_1135.jpg,jack of hearts
1135,Image_1136.jpg,jack of clubs
1136,Image_1137.jpg,eight of spades
1137,Image_1138.jpg,ace of diamonds
1138,Image_1139.jpg,nine of spades
1139,Image_1140.jpg,seven of diamonds
1140,Image_1141.jpg,seven of clubs
1141,Image_1142.jpg,seven of diamonds
1142,Image_1143.jpg,jack of diamonds
1143,Image_1144.jpg,eight of spades
1144,Image_1145.jpg,two of spades
1145,Image_1146.jpg,eight of clubs
1146,Image_1147.jpg,jack of diamonds
1147,Image_1148.jpg,jack of hearts
1148,Image_1149.jpg,six of clubs
1149,Image_1150.jpg,ace of spades
1150,Image_1151.jpg,seven of hearts
1151,Image_1152.jpg,ten of spades
1152,Image_1153.jpg,ten of spades
1153,Image_1154.jpg,jack of diamonds
1154,Image_1155.jpg,two of diamonds
1155,Image_1156.jpg,two of clubs
1156,Image_1157.jpg,five of spades
1157,Image_1158.jpg,four of spades
1158,Image_1159.jpg,queen of diamonds
1159,Image_1160.jpg,jack of hearts
1160,Image_1161.jpg,two of spades
1161,Image_1162.jpg,eight of diamonds
1162,Image_1163.jpg,queen of clubs
1163,Image_1164.jpg,ace of clubs
1164,Image_1165.jpg,seven of hearts
1165,Image_1166.jpg,seven of spades
1166,Image_1167.jpg,ace of diamonds
1167,Image_1168.jpg,ten of diamonds
1168,Image_1169.jpg,two of spades
1169,Image_1170.jpg,four of diamonds
1170,Image_1171.jpg,four of hearts
1171,Image_1172.jpg,ten of diamonds
1172,Image_1173.jpg,nine of hearts
1173,Image_1174.jpg,three of clubs
1174,Image_1175.jpg,ace of diamonds
1175,Image_1176.jpg,eight of diamonds
1176,Image_1177.jpg,ace of spades
1177,Image_1178.jpg,five of diamonds
1178,Image_1179.jpg,nine of spades
1179,Image_1180.jpg,nine of spades
1180,Image_1181.jpg,king of diamonds
1181,Image_1182.jpg,ace of clubs
1182,Image_1183.jpg,ten of spades
1183,Image_1184.jpg,six of clubs
1184,Image_1185.jpg,queen of clubs
1185,Image_1186.jpg,six of hearts
1186,Image_1187.jpg,ten of clubs
1187,Image_1188.jpg,king of spades
1188,Image_1189.jpg,queen of hearts
1189,Image_1190.jpg,ten of spades
1190,Image_1191.jpg,two of hearts
1191,Image_1192.jpg,two of spades
1192,Image_1193.jpg,jack of clubs
1193,Image_1194.jpg,three of diamonds
1194,Image_1195.jpg,six of spades
1195,Image_1196.jpg,jack of hearts
1196,Image_1197.jpg,jack of spades
1197,Image_1198.jpg,ace of hearts
1198,Image_1199.jpg,six of spades
1199,Image_1200.jpg,nine of clubs
1200,Image_1201.jpg,five of hearts
1201,Image_1202.jpg,six of diamonds
1202,Image_1203.jpg,jack of clubs
1203,Image_1204.jpg,three of hearts
1204,Image_1205.jpg,nine of clubs
1205,Image_1206.jpg,seven of diamonds
1206,Image_1207.jpg,two of spades
1207,Image_1208.jpg,jack of clubs
1208,Image_1209.jpg,nine of hearts
1209,Image_1210.jpg,ten of hearts
1210,Image_1211.jpg,two of spades
1211,Image_1212.jpg,jack of spades
1212,Image_1213.jpg,queen of clubs
1213,Image_1214.jpg,seven of diamonds
1214,Image_1215.jpg,queen of clubs
1215,Image_1216.jpg,jack of clubs
1216,Image_1217.jpg,nine of clubs
1217,Image_1218.jpg,nine of hearts
1218,Image_1219.jpg,five of hearts
1219,Image_1220.jpg,ten of hearts
1220,Image_1221.jpg,jack of clubs
1221,Image_1222.jpg,two of diamonds
1222,Image_1223.jpg,two of hearts
1223,Image_1224.jpg,jack of clubs
1224,Image_1225.jpg,two of diamonds
1225,Image_1226.jpg,ten of hearts
1226,Image_1227.jpg,two of hearts
1227,Image_1228.jpg,jack of spades
1228,Image_1229.jpg,two of clubs
1229,Image_1230.jpg,ten of diamonds
1230,Image_1231.jpg,queen of hearts
1231,Image_1232.jpg,two of hearts
1232,Image_1233.jpg,six of hearts
1233,Image_1234.jpg,king of hearts
1234,Image_1235.jpg,nine of diamonds
1235,Image_1236.jpg,ace of clubs
1236,Image_1237.jpg,five of hearts
1237,Image_1238.jpg,queen of spades
1238,Image_1239.jpg,eight of clubs
1239,Image_1240.jpg,three of spades
1240,Image_1241.jpg,six of hearts
1241,Image_1242.jpg,king of spades
1242,Image_1243.jpg,jack of diamonds
1243,Image_1244.jpg,eight of diamonds
1244,Image_1245.jpg,jack of diamonds
1245,Image_1246.jpg,joker
1246,Image_1247.jpg,two of diamonds
1247,Image_1248.jpg,queen of hearts
1248,Image_1249.jpg,nine of spades
1249,Image_1250.jpg,queen of diamonds
1250,Image_1251.jpg,three of diamonds
1251,Image_1252.jpg,four of hearts
1252,Image_1253.jpg,six of clubs
1253,Image_1254.jpg,ace of diamonds
1254,Image_1255.jpg,jack of diamonds
1255,Image_1256.jpg,five of clubs
1256,Image_1257.jpg,five of spades
1257,Image_1258.jpg,four of hearts
1258,Image_1259.jpg,jack of clubs
1259,Image_1260.jpg,jack of spades
1260,Image_1261.jpg,ten of hearts
1261,Image_1262.jpg,six of diamonds
1262,Image_1263.jpg,six of spades
1263,Image_1264.jpg,four of spades
1264,Image_1265.jpg,ace of hearts
1265,Image_1266.jpg,eight of hearts
1266,Image_1267.jpg,five of hearts
1267,Image_1268.jpg,six of diamonds
1268,Image_1269.jpg,seven of hearts
1269,Image_1270.jpg,five of diamonds
1270,Image_1271.jpg,ten of spades
1271,Image_1272.jpg,two of diamonds
1272,Image_1273.jpg,two of clubs
1273,Image_1274.jpg,five of diamonds
1274,Image_1275.jpg,jack of spades
1275,Image_1276.jpg,five of clubs
1276,Image_1277.jpg,king of diamonds
1277,Image_1278.jpg,seven of hearts
1278,Image_1279.jpg,seven of spades
1279,Image_1280.jpg,nine of hearts
1280,Image_1281.jpg,jack of hearts
1281,Image_1282.jpg,six of clubs
1282,Image_1283.jpg,queen of clubs
1283,Image_1284.jpg,five of clubs
1284,Image_1285.jpg,jack of spades
1285,Image_1286.jpg,two of hearts
1286,Image_1287.jpg,seven of clubs
1287,Image_1288.jpg,nine of spades
1288,Image_1289.jpg,king of hearts
1289,Image_1290.jpg,seven of spades
1290,Image_1291.jpg,eight of hearts
1291,Image_1292.jpg,nine of hearts
1292,Image_1293.jpg,queen of spades
1293,Image_1294.jpg,jack of hearts
1294,Image_1295.jpg,jack of hearts
1295,Image_1296.jpg,ten of hearts
1296,Image_1297.jpg,king of spades
1297,Image_1298.jpg,ace of clubs
1298,Image_1299.jpg,six of clubs
1299,Image_1300.jpg,two of clubs
1300,Image_1301.jpg,two of diamonds
1301,Image_1302.jpg,seven of clubs
1302,Image_1303.jpg,king of spades
1303,Image_1304.jpg,seven of hearts
1304,Image_1305.jpg,seven of diamonds
1305,Image_1306.jpg,nine of diamonds
1306,Image_1307.jpg,three of clubs
1307,Image_1308.jpg,seven of diamonds
1308,Image_1309.jpg,queen of hearts
1309,Image_1310.jpg,nine of clubs
1310,Image_1311.jpg,queen of diamonds
1311,Image_1312.jpg,queen of spades
1312,Image_1313.jpg,queen of spades
1313,Image_1314.jpg,queen of spades
1314,Image_1315.jpg,jack of hearts
1315,Image_1316.jpg,ace of clubs
1316,Image_1317.jpg,king of spades
1317,Image_1318.jpg,ace of diamonds
1318,Image_1319.jpg,jack of clubs
1319,Image_1320.jpg,seven of hearts
1320,Image_1321.jpg,jack of clubs
1321,Image_1322.jpg,queen of clubs
1322,Image_1323.jpg,two of spades
1323,Image_1324.jpg,nine of clubs
1324,Image_1325.jpg,queen of clubs
1325,Image_1326.jpg,king of hearts
1326,Image_1327.jpg,two of spades
1327,Image_1328.jpg,two of clubs
1328,Image_1329.jpg,two of spades
1329,Image_1330.jpg,jack of diamonds
1330,Image_1331.jpg,eight of spades
1331,Image_1332.jpg,five of hearts
1332,Image_1333.jpg,jack of diamonds
1333,Image_1334.jpg,jack of diamonds
1334,Image_1335.jpg,seven of clubs
1335,Image_1336.jpg,jack of clubs
1336,Image_1337.jpg,three of spades
1337,Image_1338.jpg,two of hearts
1338,Image_1339.jpg,queen of diamonds
1339,Image_1340.jpg,joker
1340,Image_1341.jpg,ace of spades
1341,Image_1342.jpg,six of hearts
1342,Image_1343.jpg,ace of clubs
1343,Image_1344.jpg,joker
1344,Image_1345.jpg,two of diamonds
1345,Image_1346.jpg,queen of clubs
1346,Image_1347.jpg,ace of hearts
1347,Image_1348.jpg,six of diamonds
1348,Image_1349.jpg,three of diamonds
1349,Image_1350.jpg,two of hearts
1350,Image_1351.jpg,seven of hearts
1351,Image_1352.jpg,four of diamonds
1352,Image_1353.jpg,jack of diamonds
1353,Image_1354.jpg,nine of hearts
1354,Image_1355.jpg,two of hearts
1355,Image_1356.jpg,six of hearts
1356,Image_1357.jpg,six of clubs
1357,Image_1358.jpg,six of hearts
1358,Image_1359.jpg,jack of clubs
1359,Image_1360.jpg,jack of clubs
1360,Image_1361.jpg,three of diamonds
1361,Image_1362.jpg,jack of spades
1362,Image_1363.jpg,ten of spades
1363,Image_1364.jpg,ten of hearts
1364,Image_1365.jpg,queen of spades
1365,Image_1366.jpg,nine of diamonds
1366,Image_1367.jpg,jack of spades
1367,Image_1368.jpg,queen of spades
1368,Image_1369.jpg,two of clubs
1369,Image_1370.jpg,two of hearts
1370,Image_1371.jpg,four of hearts
1371,Image_1372.jpg,two of spades
1372,Image_1373.jpg,ten of diamonds
1373,Image_1374.jpg,king of spades
1374,Image_1375.jpg,jack of spades
1375,Image_1376.jpg,seven of spades
1376,Image_1377.jpg,three of clubs
1377,Image_1378.jpg,queen of hearts
1378,Image_1379.jpg,ten of spades
1379,Image_1380.jpg,seven of diamonds
1380,Image_1381.jpg,ace of hearts
1381,Image_1382.jpg,three of hearts
1382,Image_1383.jpg,eight of spades
1383,Image_1384.jpg,ten of hearts
1384,Image_1385.jpg,king of clubs
1385,Image_1386.jpg,queen of spades
1386,Image_1387.jpg,eight of hearts
1387,Image_1388.jpg,queen of clubs
1388,Image_1389.jpg,two of diamonds
1389,Image_1390.jpg,six of hearts
1390,Image_1391.jpg,five of spades
1391,Image_1392.jpg,jack of diamonds
1392,Image_1393.jpg,queen of clubs
1393,Image_1394.jpg,three of hearts
1394,Image_1395.jpg,four of hearts
1395,Image_1396.jpg,five of diamonds
1396,Image_1397.jpg,queen of clubs
1397,Image_1398.jpg,eight of diamonds
1398,Image_1399.jpg,queen of hearts
1399,Image_1400.jpg,jack of clubs
1400,Image_1401.jpg,ace of spades
1401,Image_1402.jpg,ten of spades
1402,Image_1403.jpg,five of spades
1403,Image_1404.jpg,seven of spades
1404,Image_1405.jpg,king of spades
1405,Image_1406.jpg,seven of hearts
1406,Image_1407.jpg,eight of spades
1407,Image_1408.jpg,ace of clubs
1408,Image_1409.jpg,six of diamonds
1409,Image_1410.jpg,jack of clubs
1410,Image_1411.jpg,eight of clubs
1411,Image_1412.jpg,three of diamonds
1412,Image_1413.jpg,jack of hearts
1413,Image_1414.jpg,joker
1414,Image_1415.jpg,six of diamonds
1415,Image_1416.jpg,jack of hearts
1416,Image_1417.jpg,three of spades
1417,Image_1418.jpg,four of diamonds
1418,Image_1419.jpg,three of diamonds
1419,Image_1420.jpg,four of spades
1420,Image_1421.jpg,queen of spades
1421,Image_1422.jpg,jack of hearts
1422,Image_1423.jpg,jack of diamonds
1423,Image_1424.jpg,seven of hearts
1424,Image_1425.jpg,four of clubs
1425,Image_1426.jpg,six of hearts
1426,Image_1427.jpg,two of hearts
1427,Image_1428.jpg,jack of hearts
1428,Image_1429.jpg,jack of diamonds
1429,Image_1430.jpg,jack of diamonds
1430,Image_1431.jpg,nine of spades
1431,Image_1432.jpg,six of clubs
1432,Image_1433.jpg,four of diamonds
1433,Image_1434.jpg,queen of spades
1434,Image_1435.jpg,three of spades
1435,Image_1436.jpg,jack of clubs
1436,Image_1437.jpg,ace of diamonds
1437,Image_1438.jpg,jack of clubs
1438,Image_1439.jpg,seven of spades
1439,Image_1440.jpg,three of spades
1440,Image_1441.jpg,ten of clubs
1441,Image_1442.jpg,ten of diamonds
1442,Image_1443.jpg,five of clubs
1443,Image_1444.jpg,queen of spades
1444,Image_1445.jpg,king of hearts
1445,Image_1446.jpg,ace of spades
1446,Image_1447.jpg,jack of clubs
1447,Image_1448.jpg,nine of diamonds
1448,Image_1449.jpg,nine of hearts
1449,Image_1450.jpg,queen of spades
1450,Image_1451.jpg,ace of hearts
1451,Image_1452.jpg,seven of diamonds
1452,Image_1453.jpg,queen of diamonds
1453,Image_1454.jpg,six of diamonds
1454,Image_1455.jpg,nine of spades
1455,Image_1456.jpg,ace of diamonds
1456,Image_1457.jpg,jack of diamonds
1457,Image_1458.jpg,joker
1458,Image_1459.jpg,ace of clubs
1459,Image_1460.jpg,five of hearts
1460,Image_1461.jpg,five of clubs
1461,Image_1462.jpg,joker
1462,Image_1463.jpg,seven of spades
1463,Image_1464.jpg,ten of hearts
1464,Image_1465.jpg,two of diamonds
1465,Image_1466.jpg,four of diamonds
1466,Image_1467.jpg,ten of spades
1467,Image_1468.jpg,king of diamonds
1468,Image_1469.jpg,queen of hearts
1469,Image_1470.jpg,jack of diamonds
1470,Image_1471.jpg,two of diamonds
1471,Image_1472.jpg,two of spades
1472,Image_1473.jpg,four of diamonds
1473,Image_1474.jpg,two of hearts
1474,Image_1475.jpg,ten of hearts
1475,Image_1476.jpg,ten of diamonds
1476,Image_1477.jpg,jack of hearts
1477,Image_1478.jpg,nine of diamonds
1478,Image_1479.jpg,nine of diamonds
1479,Image_1480.jpg,seven of spades
1480,Image_1481.jpg,nine of hearts
1481,Image_1482.jpg,queen of clubs
1482,Image_1483.jpg,ace of clubs
1483,Image_1484.jpg,five of spades
1484,Image_1485.jpg,six of clubs
1485,Image_1486.jpg,three of hearts
1486,Image_1487.jpg,three of hearts
1487,Image_1488.jpg,queen of hearts
1488,Image_1489.jpg,jack of clubs
1489,Image_1490.jpg,king of spades
1490,Image_1491.jpg,two of diamonds
1491,Image_1492.jpg,eight of hearts
1492,Image_1493.jpg,nine of clubs
1493,Image_1494.jpg,queen of diamonds
1494,Image_1495.jpg,seven of spades
1495,Image_1496.jpg,jack of hearts
1496,Image_1497.jpg,jack of diamonds
1497,Image_1498.jpg,two of hearts
1498,Image_1499.jpg,queen of hearts
1499,Image_1500.jpg,two of clubs
1500,Image_1501.jpg,jack of clubs
1501,Image_1502.jpg,seven of clubs
1502,Image_1503.jpg,ace of diamonds
1503,Image_1504.jpg,seven of diamonds
1504,Image_1505.jpg,jack of spades
1505,Image_1506.jpg,queen of clubs
1506,Image_1507.jpg,six of clubs
1507,Image_1508.jpg,queen of clubs
1508,Image_1509.jpg,six of clubs
1509,Image_1510.jpg,three of clubs
1510,Image_1511.jpg,jack of spades
1511,Image_1512.jpg,nine of spades
1512,Image_1513.jpg,six of spades
1513,Image_1514.jpg,five of spades
1514,Image_1515.jpg,six of hearts
1515,Image_1516.jpg,four of spades
1516,Image_1517.jpg,jack of diamonds
1517,Image_1518.jpg,five of spades
1518,Image_1519.jpg,six of clubs
1519,Image_1520.jpg,jack of hearts
1520,Image_1521.jpg,six of clubs
1521,Image_1522.jpg,king of spades
1522,Image_1523.jpg,eight of hearts
1523,Image_1524.jpg,six of clubs
1524,Image_1525.jpg,queen of clubs
1525,Image_1526.jpg,five of clubs
1526,Image_1527.jpg,two of clubs
1527,Image_1528.jpg,eight of diamonds
1528,Image_1529.jpg,seven of hearts
1529,Image_1530.jpg,joker
1530,Image_1531.jpg,seven of diamonds
1531,Image_1532.jpg,king of spades
1532,Image_1533.jpg,jack of clubs
1533,Image_1534.jpg,ace of hearts
1534,Image_1535.jpg,joker
1535,Image_1536.jpg,ten of clubs
1536,Image_1537.jpg,three of clubs
1537,Image_1538.jpg,three of clubs
1538,Image_1539.jpg,seven of spades
1539,Image_1540.jpg,queen of diamonds
1540,Image_1541.jpg,ace of hearts
1541,Image_1542.jpg,seven of clubs
1542,Image_1543.jpg,two of diamonds
1543,Image_1544.jpg,four of diamonds
1544,Image_1545.jpg,king of clubs
1545,Image_1546.jpg,queen of clubs
1546,Image_1547.jpg,five of diamonds
1547,Image_1548.jpg,ace of hearts
1548,Image_1549.jpg,jack of spades
1549,Image_1550.jpg,jack of hearts
1550,Image_1551.jpg,king of spades
1551,Image_1552.jpg,seven of spades
1552,Image_1553.jpg,seven of spades
1553,Image_1554.jpg,five of clubs
1554,Image_1555.jpg,five of hearts
1555,Image_1556.jpg,ace of clubs
1556,Image_1557.jpg,two of hearts
1557,Image_1558.jpg,queen of hearts
1558,Image_1559.jpg,five of spades
1559,Image_1560.jpg,jack of clubs
1560,Image_1561.jpg,nine of hearts
1561,Image_1562.jpg,six of clubs
1562,Image_1563.jpg,king of hearts
1563,Image_1564.jpg,queen of diamonds
1564,Image_1565.jpg,king of clubs
1565,Image_1566.jpg,ace of diamonds
1566,Image_1567.jpg,jack of hearts
1567,Image_1568.jpg,six of spades
1568,Image_1569.jpg,queen of spades
1569,Image_1570.jpg,five of spades
1570,Image_1571.jpg,six of spades
1571,Image_1572.jpg,two of spades
1572,Image_1573.jpg,five of spades
1573,Image_1574.jpg,jack of diamonds
1574,Image_1575.jpg,queen of diamonds
1575,Image_1576.jpg,six of diamonds
1576,Image_1577.jpg,ten of hearts
1577,Image_1578.jpg,three of diamonds
1578,Image_1579.jpg,three of spades
1579,Image_1580.jpg,ten of clubs
1580,Image_1581.jpg,nine of clubs
1581,Image_1582.jpg,jack of spades
1582,Image_1583.jpg,queen of hearts
1583,Image_1584.jpg,jack of spades
1584,Image_1585.jpg,jack of hearts
1585,Image_1586.jpg,six of hearts
1586,Image_1587.jpg,jack of diamonds
1587,Image_1588.jpg,joker
1588,Image_1589.jpg,ace of diamonds
1589,Image_1590.jpg,eight of diamonds
1590,Image_1591.jpg,five of hearts
1591,Image_1592.jpg,nine of hearts
1592,Image_1593.jpg,two of spades
1593,Image_1594.jpg,two of diamonds
1594,Image_1595.jpg,eight of spades
1595,Image_1596.jpg,ace of spades
1596,Image_1597.jpg,queen of diamonds
1597,Image_1598.jpg,six of diamonds
1598,Image_1599.jpg,two of spades
1599,Image_1600.jpg,three of diamonds
1600,Image_1601.jpg,queen of diamonds
1601,Image_1602.jpg,seven of spades
1602,Image_1603.jpg,six of spades
1603,Image_1604.jpg,six of spades
1604,Image_1605.jpg,ten of clubs
1605,Image_1606.jpg,four of hearts
1606,Image_1607.jpg,two of clubs
1607,Image_1608.jpg,eight of hearts
1608,Image_1609.jpg,six of diamonds
1609,Image_1610.jpg,ten of hearts
1610,Image_1611.jpg,seven of spades
1611,Image_1612.jpg,ace of spades
1612,Image_1613.jpg,two of diamonds
1613,Image_1614.jpg,eight of diamonds
1614,Image_1615.jpg,six of clubs
1615,Image_1616.jpg,queen of hearts
1616,Image_1617.jpg,queen of diamonds
1617,Image_1618.jpg,queen of diamonds
1618,Image_1619.jpg,jack of spades
1619,Image_1620.jpg,jack of diamonds
1620,Image_1621.jpg,four of diamonds
1621,Image_1622.jpg,ten of diamonds
1622,Image_1623.jpg,five of clubs
1623,Image_1624.jpg,seven of diamonds
1624,Image_1625.jpg,seven of clubs
1625,Image_1626.jpg,eight of spades
1626,Image_1627.jpg,five of hearts
1627,Image_1628.jpg,two of clubs
1628,Image_1629.jpg,two of diamonds
1629,Image_1630.jpg,eight of diamonds
1630,Image_1631.jpg,queen of hearts
1631,Image_1632.jpg,ten of hearts
1632,Image_1633.jpg,two of clubs
1633,Image_1634.jpg,seven of hearts
1634,Image_1635.jpg,six of diamonds
1635,Image_1636.jpg,six of spades
1636,Image_1637.jpg,jack of clubs
1637,Image_1638.jpg,six of clubs
1638,Image_1639.jpg,five of spades
1639,Image_1640.jpg,jack of spades
1640,Image_1641.jpg,two of diamonds
1641,Image_1642.jpg,nine of hearts
1642,Image_1643.jpg,ace of clubs
1643,Image_1644.jpg,jack of spades
1644,Image_1645.jpg,seven of clubs
1645,Image_1646.jpg,queen of clubs
1646,Image_1647.jpg,ace of diamonds
1647,Image_1648.jpg,ten of clubs
1648,Image_1649.jpg,king of diamonds
1649,Image_1650.jpg,seven of hearts
1650,Image_1651.jpg,four of spades
1651,Image_1652.jpg,queen of hearts
1652,Image_1653.jpg,seven of clubs
1653,Image_1654.jpg,queen of spades
1654,Image_1655.jpg,jack of spades
1655,Image_1656.jpg,queen of diamonds
1656,Image_1657.jpg,four of spades
1657,Image_1658.jpg,eight of clubs
1658,Image_1659.jpg,seven of diamonds
1659,Image_1660.jpg,three of diamonds
1660,Image_1661.jpg,jack of hearts
1661,Image_1662.jpg,queen of spades
1662,Image_1663.jpg,ten of diamonds
1663,Image_1664.jpg,six of clubs
1664,Image_1665.jpg,four of clubs
1665,Image_1666.jpg,ten of clubs
1666,Image_1667.jpg,jack of diamonds
1667,Image_1668.jpg,six of diamonds
1668,Image_1669.jpg,eight of clubs
1669,Image_1670.jpg,seven of clubs
1670,Image_1671.jpg,nine of diamonds
1671,Image_1672.jpg,jack of spades
1672,Image_1673.jpg,eight of spades
1673,Image_1674.jpg,jack of clubs
1674,Image_1675.jpg,four of diamonds
1675,Image_1676.jpg,seven of hearts
1676,Image_1677.jpg,ten of clubs
1677,Image_1678.jpg,six of spades
1678,Image_1679.jpg,ace of spades
1679,Image_1680.jpg,queen of spades
1680,Image_1681.jpg,ten of hearts
1681,Image_1682.jpg,six of diamonds
1682,Image_1683.jpg,three of diamonds
1683,Image_1684.jpg,eight of hearts
1684,Image_1685.jpg,queen of diamonds
1685,Image_1686.jpg,ace of clubs
1686,Image_1687.jpg,queen of clubs
1687,Image_1688.jpg,six of clubs
1688,Image_1689.jpg,jack of hearts
1689,Image_1690.jpg,two of hearts
1690,Image_1691.jpg,ace of spades
1691,Image_1692.jpg,six of clubs
1692,Image_1693.jpg,five of hearts
1693,Image_1694.jpg,seven of diamonds
1694,Image_1695.jpg,two of spades
1695,Image_1696.jpg,ace of spades
1696,Image_1697.jpg,nine of spades
1697,Image_1698.jpg,four of spades
1698,Image_1699.jpg,seven of clubs
1699,Image_1700.jpg,jack of spades
1700,Image_1701.jpg,nine of hearts
1701,Image_1702.jpg,seven of hearts
1702,Image_1703.jpg,eight of diamonds
1703,Image_1704.jpg,queen of hearts
1704,Image_1705.jpg,queen of clubs
1705,Image_1706.jpg,jack of spades
1706,Image_1707.jpg,six of diamonds
1707,Image_1708.jpg,two of diamonds
1708,Image_1709.jpg,four of hearts
1709,Image_1710.jpg,eight of diamonds
1710,Image_1711.jpg,four of hearts
1711,Image_1712.jpg,four of diamonds
1712,Image_1713.jpg,queen of hearts
1713,Image_1714.jpg,ace of diamonds
1714,Image_1715.jpg,king of spades
1715,Image_1716.jpg,six of clubs
1716,Image_1717.jpg,nine of spades
1717,Image_1718.jpg,two of diamonds
1718,Image_1719.jpg,king of spades
1719,Image_1720.jpg,jack of clubs
1720,Image_1721.jpg,jack of clubs
1721,Image_1722.jpg,queen of spades
1722,Image_1723.jpg,ten of spades
1723,Image_1724.jpg,jack of spades
1724,Image_1725.jpg,queen of hearts
1725,Image_1726.jpg,five of diamonds
1726,Image_1727.jpg,seven of hearts
1727,Image_1728.jpg,nine of clubs
1728,Image_1729.jpg,queen of spades
1729,Image_1730.jpg,five of diamonds
1730,Image_1731.jpg,four of spades
1731,Image_1732.jpg,two of clubs
1732,Image_1733.jpg,six of clubs
1733,Image_1734.jpg,eight of spades
1734,Image_1735.jpg,jack of spades
1735,Image_1736.jpg,eight of clubs
1736,Image_1737.jpg,two of hearts
1737,Image_1738.jpg,three of hearts
1738,Image_1739.jpg,six of diamonds
1739,Image_1740.jpg,four of clubs
1740,Image_1741.jpg,five of hearts
1741,Image_1742.jpg,four of spades
1742,Image_1743.jpg,queen of clubs
1743,Image_1744.jpg,nine of hearts
1744,Image_1745.jpg,eight of hearts
1745,Image_1746.jpg,jack of hearts
1746,Image_1747.jpg,three of diamonds
1747,Image_1748.jpg,ace of clubs
1748,Image_1749.jpg,five of spades
1749,Image_1750.jpg,jack of hearts
1750,Image_1751.jpg,ace of hearts
1751,Image_1752.jpg,ace of hearts
1752,Image_1753.jpg,jack of hearts
1753,Image_1754.jpg,ace of hearts
1754,Image_1755.jpg,eight of diamonds
1755,Image_1756.jpg,two of spades
1756,Image_1757.jpg,three of clubs
1757,Image_1758.jpg,ten of clubs
1758,Image_1759.jpg,two of clubs
1759,Image_1760.jpg,ace of spades
1760,Image_1761.jpg,jack of clubs
1761,Image_1762.jpg,three of spades
1762,Image_1763.jpg,jack of diamonds
1763,Image_1764.jpg,king of diamonds
1764,Image_1765.jpg,seven of spades
1765,Image_1766.jpg,nine of clubs
1766,Image_1767.jpg,ace of diamonds
1767,Image_1768.jpg,six of diamonds
1768,Image_1769.jpg,two of spades
1769,Image_1770.jpg,six of clubs
1770,Image_1771.jpg,jack of spades
1771,Image_1772.jpg,five of diamonds
1772,Image_1773.jpg,six of hearts
1773,Image_1774.jpg,two of clubs
1774,Image_1775.jpg,three of clubs
1775,Image_1776.jpg,seven of clubs
1776,Image_1777.jpg,ten of spades
1777,Image_1778.jpg,ace of spades
1778,Image_1779.jpg,five of spades
1779,Image_1780.jpg,jack of hearts
1780,Image_1781.jpg,nine of diamonds
1781,Image_1782.jpg,nine of diamonds
1782,Image_1783.jpg,ten of spades
1783,Image_1784.jpg,ace of clubs
1784,Image_1785.jpg,seven of hearts
1785,Image_1786.jpg,seven of hearts
1786,Image_1787.jpg,king of hearts
1787,Image_1788.jpg,nine of clubs
1788,Image_1789.jpg,ten of diamonds
1789,Image_1790.jpg,nine of diamonds
1790,Image_1791.jpg,eight of spades
1791,Image_1792.jpg,six of diamonds
1792,Image_1793.jpg,three of clubs
1793,Image_1794.jpg,ten of diamonds
1794,Image_1795.jpg,nine of hearts
1795,Image_1796.jpg,ten of spades
1796,Image_1797.jpg,jack of spades
1797,Image_1798.jpg,jack of hearts
1798,Image_1799.jpg,seven of hearts
1799,Image_1800.jpg,nine of hearts
1800,Image_1801.jpg,ace of hearts
1801,Image_1802.jpg,two of spades
1802,Image_1803.jpg,eight of spades
1803,Image_1804.jpg,jack of clubs
1804,Image_1805.jpg,three of spades
1805,Image_1806.jpg,five of diamonds
1806,Image_1807.jpg,jack of hearts
1807,Image_1808.jpg,queen of diamonds
1808,Image_1809.jpg,king of diamonds
1809,Image_1810.jpg,queen of spades
1810,Image_1811.jpg,ace of spades
1811,Image_1812.jpg,six of diamonds
1812,Image_1813.jpg,six of hearts
1813,Image_1814.jpg,king of hearts
1814,Image_1815.jpg,four of clubs
1815,Image_1816.jpg,four of clubs
1816,Image_1817.jpg,seven of spades
1817,Image_1818.jpg,nine of hearts
1818,Image_1819.jpg,king of spades
1819,Image_1820.jpg,seven of diamonds
1820,Image_1821.jpg,jack of diamonds
1821,Image_1822.jpg,seven of hearts
1822,Image_1823.jpg,three of clubs
1823,Image_1824.jpg,nine of clubs
1824,Image_1825.jpg,jack of spades
1825,Image_1826.jpg,ace of clubs
1826,Image_1827.jpg,eight of diamonds
1827,Image_1828.jpg,two of spades
1828,Image_1829.jpg,seven of clubs
1829,Image_1830.jpg,ace of diamonds
1830,Image_1831.jpg,six of clubs
1831,Image_1832.jpg,jack of clubs
1832,Image_1833.jpg,two of hearts
1833,Image_1834.jpg,eight of diamonds
1834,Image_1835.jpg,joker
1835,Image_1836.jpg,seven of spades
1836,Image_1837.jpg,four of clubs
1837,Image_1838.jpg,two of spades
1838,Image_1839.jpg,ten of spades
1839,Image_1840.jpg,two of hearts
1840,Image_1841.jpg,two of clubs
1841,Image_1842.jpg,eight of hearts
1842,Image_1843.jpg,two of hearts
1843,Image_1844.jpg,two of clubs
1844,Image_1845.jpg,queen of clubs
1845,Image_1846.jpg,queen of hearts
1846,Image_1847.jpg,ten of diamonds
1847,Image_1848.jpg,jack of clubs
1848,Image_1849.jpg,six of spades
1849,Image_1850.jpg,jack of spades
1850,Image_1851.jpg,king of spades
1851,Image_1852.jpg,three of spades
1852,Image_1853.jpg,queen of clubs
1853,Image_1854.jpg,ace of spades
1854,Image_1855.jpg,nine of clubs
1855,Image_1856.jpg,two of clubs
1856,Image_1857.jpg,four of hearts
1857,Image_1858.jpg,six of hearts
1858,Image_1859.jpg,eight of spades
1859,Image_1860.jpg,queen of diamonds
1860,Image_1861.jpg,ten of clubs
1861,Image_1862.jpg,jack of hearts
1862,Image_1863.jpg,eight of diamonds
1863,Image_1864.jpg,four of spades
1864,Image_1865.jpg,ace of spades
1865,Image_1866.jpg,four of spades
1866,Image_1867.jpg,six of hearts
1867,Image_1868.jpg,two of diamonds
1868,Image_1869.jpg,jack of clubs
1869,Image_1870.jpg,queen of diamonds
1870,Image_1871.jpg,jack of spades
1871,Image_1872.jpg,nine of spades
1872,Image_1873.jpg,ace of diamonds
1873,Image_1874.jpg,ten of clubs
1874,Image_1875.jpg,jack of diamonds
1875,Image_1876.jpg,six of diamonds
1876,Image_1877.jpg,jack of spades
1877,Image_1878.jpg,ten of clubs
1878,Image_1879.jpg,jack of hearts
1879,Image_1880.jpg,ten of hearts
1880,Image_1881.jpg,nine of spades
1881,Image_1882.jpg,queen of clubs
1882,Image_1883.jpg,ace of spades
1883,Image_1884.jpg,ten of diamonds
1884,Image_1885.jpg,king of diamonds
1885,Image_1886.jpg,eight of hearts
1886,Image_1887.jpg,ten of spades
1887,Image_1888.jpg,ace of diamonds
1888,Image_1889.jpg,eight of hearts
1889,Image_1890.jpg,nine of clubs
1890,Image_1891.jpg,seven of hearts
1891,Image_1892.jpg,jack of hearts
1892,Image_1893.jpg,four of clubs
1893,Image_1894.jpg,seven of clubs
1894,Image_1895.jpg,three of spades
1895,Image_1896.jpg,five of spades
1896,Image_1897.jpg,four of spades
1897,Image_1898.jpg,jack of hearts
1898,Image_1899.jpg,ten of clubs
1899,Image_1900.jpg,jack of diamonds
1900,Image_1901.jpg,two of diamonds
1901,Image_1902.jpg,two of spades
1902,Image_1903.jpg,ten of hearts
1903,Image_1904.jpg,jack of clubs
1904,Image_1905.jpg,three of clubs
1905,Image_1906.jpg,queen of spades
1906,Image_1907.jpg,queen of diamonds
1907,Image_1908.jpg,seven of diamonds
1908,Image_1909.jpg,eight of diamonds
1909,Image_1910.jpg,seven of diamonds
1910,Image_1911.jpg,jack of diamonds
1911,Image_1912.jpg,five of spades
1912,Image_1913.jpg,ace of spades
1913,Image_1914.jpg,eight of diamonds
1914,Image_1915.jpg,nine of clubs
1915,Image_1916.jpg,ace of hearts
1916,Image_1917.jpg,jack of clubs
1917,Image_1918.jpg,ten of clubs
1918,Image_1919.jpg,eight of clubs
1919,Image_1920.jpg,queen of hearts
1920,Image_1921.jpg,three of spades
1921,Image_1922.jpg,jack of hearts
1922,Image_1923.jpg,two of clubs
1923,Image_1924.jpg,six of diamonds
1924,Image_1925.jpg,three of diamonds
1925,Image_1926.jpg,nine of diamonds
1926,Image_1927.jpg,jack of diamonds
1927,Image_1928.jpg,seven of diamonds
1928,Image_1929.jpg,ace of hearts
1929,Image_1930.jpg,jack of diamonds
1930,Image_1931.jpg,five of diamonds
1931,Image_1932.jpg,ace of diamonds
1932,Image_1933.jpg,three of diamonds
1933,Image_1934.jpg,six of diamonds
1934,Image_1935.jpg,queen of hearts
1935,Image_1936.jpg,ace of diamonds
1936,Image_1937.jpg,two of diamonds
1937,Image_1938.jpg,five of hearts
1938,Image_1939.jpg,queen of diamonds
1939,Image_1940.jpg,queen of hearts
1940,Image_1941.jpg,jack of spades
1941,Image_1942.jpg,nine of spades
1942,Image_1943.jpg,three of diamonds
1943,Image_1944.jpg,queen of diamonds
1944,Image_1945.jpg,ten of hearts
1945,Image_1946.jpg,two of clubs
1946,Image_1947.jpg,three of clubs
1947,Image_1948.jpg,seven of clubs
1948,Image_1949.jpg,seven of spades
1949,Image_1950.jpg,six of spades
1950,Image_1951.jpg,jack of hearts
1951,Image_1952.jpg,eight of clubs
1952,Image_1953.jpg,nine of diamonds
1953,Image_1954.jpg,nine of spades
1954,Image_1955.jpg,seven of spades
1955,Image_1956.jpg,ten of spades
1956,Image_1957.jpg,two of diamonds
1957,Image_1958.jpg,two of diamonds
1958,Image_1959.jpg,ten of spades
1959,Image_1960.jpg,king of diamonds
1960,Image_1961.jpg,jack of clubs
1961,Image_1962.jpg,jack of hearts
1962,Image_1963.jpg,four of hearts
1963,Image_1964.jpg,nine of hearts
1964,Image_1965.jpg,five of clubs
1965,Image_1966.jpg,two of diamonds
1966,Image_1967.jpg,ace of clubs
1967,Image_1968.jpg,jack of hearts
1968,Image_1969.jpg,queen of spades
1969,Image_1970.jpg,four of spades
1970,Image_1971.jpg,queen of hearts
1971,Image_1972.jpg,ten of spades
1972,Image_1973.jpg,jack of diamonds
1973,Image_1974.jpg,six of diamonds
1974,Image_1975.jpg,three of diamonds
1975,Image_1976.jpg,jack of hearts
1976,Image_1977.jpg,jack of hearts
1977,Image_1978.jpg,four of spades
1978,Image_1979.jpg,eight of diamonds
1979,Image_1980.jpg,six of diamonds
1980,Image_1981.jpg,ten of spades
1981,Image_1982.jpg,jack of spades
1982,Image_1983.jpg,five of diamonds
1983,Image_1984.jpg,queen of hearts
1984,Image_1985.jpg,five of clubs
1985,Image_1986.jpg,two of hearts
1986,Image_1987.jpg,eight of hearts
1987,Image_1988.jpg,six of clubs
1988,Image_1989.jpg,jack of hearts
1989,Image_1990.jpg,king of diamonds
1990,Image_1991.jpg,two of diamonds
1991,Image_1992.jpg,two of spades
1992,Image_1993.jpg,four of diamonds
1993,Image_1994.jpg,ace of clubs
1994,Image_1995.jpg,three of clubs
1995,Image_1996.jpg,jack of spades
1996,Image_1997.jpg,five of clubs
1997,Image_1998.jpg,five of hearts
1998,Image_1999.jpg,six of clubs
1999,Image_2000.jpg,three of spades
2000,Image_2001.jpg,four of spades
2001,Image_2002.jpg,ace of clubs
2002,Image_2003.jpg,nine of spades
2003,Image_2004.jpg,ten of clubs
2004,Image_2005.jpg,nine of diamonds
2005,Image_2006.jpg,five of diamonds
2006,Image_2007.jpg,ace of hearts
2007,Image_2008.jpg,nine of spades
2008,Image_2009.jpg,jack of clubs
2009,Image_2010.jpg,two of diamonds
2010,Image_2011.jpg,jack of hearts
2011,Image_2012.jpg,eight of diamonds
2012,Image_2013.jpg,six of clubs
2013,Image_2014.jpg,ten of diamonds
2014,Image_2015.jpg,two of diamonds
2015,Image_2016.jpg,six of clubs
2016,Image_2017.jpg,king of clubs
2017,Image_2018.jpg,two of spades
2018,Image_2019.jpg,ten of spades
2019,Image_2020.jpg,ace of hearts
2020,Image_2021.jpg,jack of hearts
2021,Image_2022.jpg,jack of hearts
2022,Image_2023.jpg,six of diamonds
2023,Image_2024.jpg,queen of hearts
2024,Image_2025.jpg,six of diamonds
2025,Image_2026.jpg,queen of diamonds
2026,Image_2027.jpg,six of clubs
2027,Image_2028.jpg,nine of clubs
2028,Image_2029.jpg,two of diamonds
2029,Image_2030.jpg,queen of hearts
2030,Image_2031.jpg,ace of spades
2031,Image_2032.jpg,five of hearts
2032,Image_2033.jpg,eight of diamonds
2033,Image_2034.jpg,two of clubs
2034,Image_2035.jpg,eight of hearts
2035,Image_2036.jpg,jack of hearts
2036,Image_2037.jpg,king of clubs
2037,Image_2038.jpg,eight of diamonds
2038,Image_2039.jpg,nine of spades
2039,Image_2040.jpg,four of diamonds
2040,Image_2041.jpg,jack of hearts
2041,Image_2042.jpg,five of diamonds
2042,Image_2043.jpg,two of diamonds
2043,Image_2044.jpg,jack of diamonds
2044,Image_2045.jpg,ace of clubs
2045,Image_2046.jpg,ace of hearts
2046,Image_2047.jpg,jack of clubs
2047,Image_2048.jpg,five of hearts
